project,regime,margin_variance,budget_variance,adjustment_count,cap_hit_count,worst_margin,max_employer_exposure
road,Fixed-price,1.3997938476332677e-05,0.00033542034092931295,0,0,-0.013705419320251593,0.0
road,FIDIC 13.8,2.2396701562132266e-06,0.000403241680807259,24,0,-0.005482167728100638,0.11692678486975816
road,DAM,2.3816743939970825e-06,0.00040131347940633417,7,0,-0.005651421521513586,0.11339774555305528
building,Fixed-price,4.2156239023117475e-06,0.0005986727930748318,0,0,-0.007312562678727028,0.0
building,FIDIC 13.8,6.744998243698793e-07,0.0006514695274381509,18,0,-0.002925025071490811,0.04254038700799975
building,DAM,8.648904316069991e-07,0.0006466097860502555,4,0,-0.0033808477919067548,0.039183508352680536
water,Fixed-price,4.151942067138328e-06,0.00048164199027883126,0,0,-0.006544391737508676,0.0
water,FIDIC 13.8,6.643107307421335e-07,0.0005217839293054922,20,0,-0.0026177566950034703,0.04490034413748835
water,DAM,8.052584299622778e-07,0.0005184149759153423,5,0,-0.003067956599382138,0.042220321942595444
