month,base_payment,cost,revenue,adjustment,margin,wmvi,employer_exposure,regime,event,cap_hit,project
2020-12-01,0.04978706836786394,0.055561697663527386,0.04978706836786394,0.0,-0.0057746292956634485,-0.5665777583072273,0.0,Fixed-price,False,False,road
2021-01-01,0.013938644962693062,0.01557158520078666,0.013938644962693062,0.0,-0.001632940238093598,-0.09099366624458358,0.0,Fixed-price,False,False,road
2021-02-01,0.017523916760467207,0.01964371828853303,0.017523916760467207,0.0,-0.0021198015280658213,-0.19490452361888105,0.0,Fixed-price,False,False,road
2021-03-01,0.021839018090322238,0.024551343675460753,0.021839018090322238,0.0,-0.0027123255851385156,-0.5684711259200619,0.0,Fixed-price,False,False,road
2021-04-01,0.026921148375413363,0.030352295184682517,0.026921148375413363,0.0,-0.0034311468092691547,-1.1629186746394269,0.0,Fixed-price,False,False,road
2021-05-01,0.03274285992952837,0.0369597328056702,0.03274285992952837,0.0,-0.004216872876141829,-1.0270971111415526,0.0,Fixed-price,False,False,road
2021-06-01,0.039178706729238524,0.044278419912201716,0.039178706729238524,0.0,-0.005099713182963192,-1.0234795015896792,0.0,Fixed-price,False,False,road
2021-07-01,0.045974185632400875,0.05305567695155623,0.045974185632400875,0.0,-0.007081491319155357,-0.17507464997800753,0.0,Fixed-price,False,False,road
2021-08-01,0.052729796312171055,0.060904678354607444,0.052729796312171055,0.0,-0.008174882042436389,-0.19241635420053954,0.0,Fixed-price,False,False,road
2021-09-01,0.0589165350490694,0.06827064509141402,0.0589165350490694,0.0,-0.00935411004234462,-0.16462069989965356,0.0,Fixed-price,False,False,road
2021-10-01,0.06393573469896427,0.07365585770457511,0.06393573469896427,0.0,-0.009720123005610842,0.5228340253777541,0.0,Fixed-price,False,False,road
2021-11-01,0.06722218318122622,0.07831616032421564,0.06722218318122622,0.0,-0.011093977142989417,-0.41469653089788716,0.0,Fixed-price,False,False,road
2021-12-01,0.0683674721891467,0.07983349474404296,0.0683674721891467,0.0,-0.01146602255489626,-0.21193500337216453,0.0,Fixed-price,False,False,road
2022-01-01,0.06722218318122633,0.07975678135769146,0.06722218318122633,0.0,-0.012534598176465128,-0.4588434300588735,0.0,Fixed-price,False,False,road
2022-02-01,0.06393573469896403,0.07674023015211162,0.06393573469896403,0.0,-0.012804495453147588,0.11903503754810331,0.0,Fixed-price,False,False,road
2022-03-01,0.05891653504906963,0.07188335047100355,0.05891653504906963,0.0,-0.012966815421933925,1.1020502168456427,0.0,Fixed-price,False,False,road
2022-04-01,0.05272979631217085,0.06643521563242244,0.05272979631217085,0.0,-0.013705419320251593,-0.13069330358515868,0.0,Fixed-price,False,False,road
2022-05-01,0.04597418563240099,0.058658112289027724,0.04597418563240099,0.0,-0.01268392665662673,1.953889663512594,0.0,Fixed-price,False,False,road
2022-06-01,0.03917870672923838,0.05050978906260145,0.03917870672923838,0.0,-0.011331082333363073,2.636389807446853,0.0,Fixed-price,False,False,road
2022-07-01,0.03274285992952861,0.04322198153668477,0.03274285992952861,0.0,-0.01047912160715616,2.0246570967931357,0.0,Fixed-price,False,False,road
2022-08-01,0.02692114837541319,0.035775168532402646,0.02692114837541319,0.0,-0.008854020156989457,1.846293002923112,0.0,Fixed-price,False,False,road
2022-09-01,0.021839018090322383,0.02897146894022855,0.021839018090322383,0.0,-0.007132450849906168,0.33071541717846953,0.0,Fixed-price,False,False,road
2022-10-01,0.017523916760467162,0.02341264172973813,0.017523916760467162,0.0,-0.005888724969270967,1.4798907025779506,0.0,Fixed-price,False,False,road
2022-11-01,0.013938644962693215,0.01855792917774424,0.013938644962693215,0.0,-0.004619284215051025,-0.07690882197225879,0.0,Fixed-price,False,False,road
2020-12-01,0.04978706836786394,0.055561697663527386,0.04978706836786394,0.0,-0.0057746292956634485,-0.5665777583072273,0.0,FIDIC 13.8,False,False,road
2021-01-01,0.013938644962693062,0.01557158520078666,0.013948392068811545,9.74710611848267e-06,-0.001623193131975115,-0.09099366624458358,9.74710611848267e-06,FIDIC 13.8,True,False,road
2021-02-01,0.017523916760467207,0.01964371828853303,0.017564020461497295,4.0103701030088667e-05,-0.0020796978270357334,-0.19490452361888105,4.9850807148571334e-05,FIDIC 13.8,True,False,road
2021-03-01,0.021839018090322238,0.024551343675460753,0.02188134369180145,4.232560147921152e-05,-0.0026699999836593026,-0.5684711259200619,9.217640862778286e-05,FIDIC 13.8,True,False,road
2021-04-01,0.026921148375413363,0.030352295184682517,0.026973731995528175,5.2583620114810895e-05,-0.0033785631891543426,-1.1629186746394269,0.00014476002874259377,FIDIC 13.8,True,False,road
2021-05-01,0.03274285992952837,0.0369597328056702,0.032769103260360366,2.624333083199883e-05,-0.004190629545309833,-1.0270971111415526,0.0001710033595745926,FIDIC 13.8,True,False,road
2021-06-01,0.039178706729238524,0.044278419912201716,0.039211096728868904,3.2389999630379406e-05,-0.005067323183332813,-1.0234795015896792,0.000203393359204972,FIDIC 13.8,True,False,road
2021-07-01,0.045974185632400875,0.05305567695155623,0.04663253065665666,0.0006583450242557833,-0.006423146294899575,-0.17507464997800753,0.0008617383834607554,FIDIC 13.8,True,False,road
2021-08-01,0.052729796312171055,0.060904678354607444,0.052761483003253236,3.168669108218361e-05,-0.008143195351354209,-0.19241635420053954,0.000893425074542939,FIDIC 13.8,True,False,road
2021-09-01,0.0589165350490694,0.06827064509141402,0.05904858099254947,0.00013204594348006896,-0.00922206409886455,-0.16462069989965356,0.001025471018023008,FIDIC 13.8,True,False,road
2021-10-01,0.06393573469896427,0.07365585770457511,0.06367720696732035,-0.00025852773164392723,-0.009978650737254763,0.5228340253777541,0.0007669432863790808,FIDIC 13.8,True,False,road
2021-11-01,0.06722218318122622,0.07831616032421564,0.06774671323071882,0.0005245300494925934,-0.010569447093496817,-0.41469653089788716,0.0012914733358716742,FIDIC 13.8,True,False,road
2021-12-01,0.0683674721891467,0.07983349474404296,0.06847729213999637,0.000109819950849672,-0.011356202604046586,-0.21193500337216453,0.0014012932867213462,FIDIC 13.8,True,False,road
2022-01-01,0.06722218318122633,0.07975678135769146,0.06797857554964257,0.0007563923684162395,-0.011778205808048892,-0.4588434300588735,0.0021576856551375856,FIDIC 13.8,True,False,road
2022-02-01,0.06393573469896403,0.07674023015211162,0.06446535803921859,0.0005296233402545487,-0.012274872112893034,0.11903503754810331,0.0026873089953921344,FIDIC 13.8,True,False,road
2022-03-01,0.05891653504906963,0.07188335047100355,0.059617048143109884,0.000700513094040253,-0.01226630232789367,1.1020502168456427,0.0033878220894323872,FIDIC 13.8,True,False,road
2022-04-01,0.05272979631217085,0.06643521563242244,0.053989934386733274,0.0012601380745624294,-0.012445281245689166,-0.13069330358515868,0.0046479601639948165,FIDIC 13.8,True,False,road
2022-05-01,0.04597418563240099,0.058658112289027724,0.04641483262615046,0.000440646993749469,-0.012243279662877263,1.953889663512594,0.005088607157744286,FIDIC 13.8,True,False,road
2022-06-01,0.03917870672923838,0.05050978906260145,0.03949189256983315,0.000313185840594769,-0.011017896492768305,2.636389807446853,0.0054017929983390545,FIDIC 13.8,True,False,road
2022-07-01,0.03274285992952861,0.04322198153668477,0.03334849080155564,0.0006056308720270266,-0.00987349073512913,2.0246570967931357,0.006007423870366081,FIDIC 13.8,True,False,road
2022-08-01,0.02692114837541319,0.035775168532402646,0.027064006162424922,0.0001428577870117338,-0.008711162369977724,1.846293002923112,0.006150281657377815,FIDIC 13.8,True,False,road
2022-09-01,0.021839018090322383,0.02897146894022855,0.021808944957829902,-3.007313249248206e-05,-0.007162523982398649,0.33071541717846953,0.006120208524885333,FIDIC 13.8,True,False,road
2022-10-01,0.017523916760467162,0.02341264172973813,0.017623248043385005,9.933128291784356e-05,-0.005789393686353124,1.4798907025779506,0.006219539807803177,FIDIC 13.8,True,False,road
2022-11-01,0.013938644962693215,0.01855792917774424,0.013899855875723474,-3.878908696974214e-05,-0.0046580733020207665,-0.07690882197225879,0.006180750720833435,FIDIC 13.8,True,False,road
2020-12-01,0.04978706836786394,0.055561697663527386,0.04978706836786394,0.0,-0.0057746292956634485,-0.5665777583072273,0.0,DAM,False,False,road
2021-01-01,0.013938644962693062,0.01557158520078666,0.013938644962693062,0.0,-0.001632940238093598,-0.09099366624458358,0.0,DAM,False,False,road
2021-02-01,0.017523916760467207,0.01964371828853303,0.017523916760467207,0.0,-0.0021198015280658213,-0.19490452361888105,0.0,DAM,False,False,road
2021-03-01,0.021839018090322238,0.024551343675460753,0.021839018090322238,0.0,-0.0027123255851385156,-0.5684711259200619,0.0,DAM,False,False,road
2021-04-01,0.026921148375413363,0.030352295184682517,0.027136517562416668,0.00021536918700330691,-0.0032157776222658495,-1.1629186746394269,0.00021536918700330691,DAM,True,True,road
2021-05-01,0.03274285992952837,0.0369597328056702,0.03274285992952837,0.0,-0.004216872876141829,-1.0270971111415526,0.00021536918700330691,DAM,False,False,road
2021-06-01,0.039178706729238524,0.044278419912201716,0.039178706729238524,0.0,-0.005099713182963192,-1.0234795015896792,0.00021536918700330691,DAM,False,False,road
2021-07-01,0.045974185632400875,0.05305567695155623,0.045974185632400875,0.0,-0.007081491319155357,-0.17507464997800753,0.00021536918700330691,DAM,False,False,road
2021-08-01,0.052729796312171055,0.060904678354607444,0.052729796312171055,0.0,-0.008174882042436389,-0.19241635420053954,0.00021536918700330691,DAM,False,False,road
2021-09-01,0.0589165350490694,0.06827064509141402,0.0589165350490694,0.0,-0.00935411004234462,-0.16462069989965356,0.00021536918700330691,DAM,False,False,road
2021-10-01,0.06393573469896427,0.07365585770457511,0.06393573469896427,0.0,-0.009720123005610842,0.5228340253777541,0.00021536918700330691,DAM,False,False,road
2021-11-01,0.06722218318122622,0.07831616032421564,0.06722218318122622,0.0,-0.011093977142989417,-0.41469653089788716,0.00021536918700330691,DAM,False,False,road
2021-12-01,0.0683674721891467,0.07983349474404296,0.0683674721891467,0.0,-0.01146602255489626,-0.21193500337216453,0.00021536918700330691,DAM,False,False,road
2022-01-01,0.06722218318122633,0.07975678135769146,0.06722218318122633,0.0,-0.012534598176465128,-0.4588434300588735,0.00021536918700330691,DAM,False,False,road
2022-02-01,0.06393573469896403,0.07674023015211162,0.06393573469896403,0.0,-0.012804495453147588,0.11903503754810331,0.00021536918700330691,DAM,False,False,road
2022-03-01,0.05891653504906963,0.07188335047100355,0.05922319689157943,0.00030666184250979827,-0.012660153579424127,1.1020502168456427,0.0005220310295131051,DAM,True,False,road
2022-04-01,0.05272979631217085,0.06643521563242244,0.05272979631217085,0.0,-0.013705419320251593,-0.13069330358515868,0.0005220310295131051,DAM,False,False,road
2022-05-01,0.04597418563240099,0.058658112289027724,0.0463419791174602,0.00036779348505920796,-0.012316133171567524,1.953889663512594,0.0008898245145723131,DAM,True,True,road
2022-06-01,0.03917870672923838,0.05050978906260145,0.039492136383072286,0.00031342965383390704,-0.011017652679529165,2.636389807446853,0.0012032541684062201,DAM,True,True,road
2022-07-01,0.03274285992952861,0.04322198153668477,0.03300480280896484,0.0002619428794362289,-0.010217178727719933,2.0246570967931357,0.001465197047842449,DAM,True,True,road
2022-08-01,0.02692114837541319,0.035775168532402646,0.027136517562416494,0.0002153691870033055,-0.008638650969986152,1.846293002923112,0.0016805662348457545,DAM,True,True,road
2022-09-01,0.021839018090322383,0.02897146894022855,0.021839018090322383,0.0,-0.007132450849906168,0.33071541717846953,0.0016805662348457545,DAM,False,False,road
2022-10-01,0.017523916760467162,0.02341264172973813,0.0176641080945509,0.0001401913340837373,-0.005748533635187229,1.4798907025779506,0.0018207575689294917,DAM,True,True,road
2022-11-01,0.013938644962693215,0.01855792917774424,0.013938644962693215,0.0,-0.004619284215051025,-0.07690882197225879,0.0018207575689294917,DAM,False,False,road
2021-05-01,0.04978706836786394,0.0518809417584496,0.04978706836786394,0.0,-0.002093873390585664,-1.0270971111415526,0.0,Fixed-price,False,False,building
2021-06-01,0.019677886661140686,0.020530874739465736,0.019677886661140686,0.0,-0.0008529880783250503,-1.0234795015896792,0.0,Fixed-price,False,False,building
2021-07-01,0.026707411512321613,0.027877424593451657,0.026707411512321613,0.0,-0.0011700130811300447,-0.17507464997800753,0.0,Fixed-price,False,False,building
2021-08-01,0.03559550566771097,0.03721535803143668,0.03559550566771097,0.0,-0.0016198523637257073,-0.19241635420053954,0.0,Fixed-price,False,False,building
2021-09-01,0.04630994744449718,0.0485650174363765,0.04630994744449718,0.0,-0.00225506999187932,-0.16462069989965356,0.0,Fixed-price,False,False,building
2021-10-01,0.058393199671118425,0.061141993791864094,0.058393199671118425,0.0,-0.0027487941207456693,0.5228340253777541,0.0,Fixed-price,False,False,building
2021-11-01,0.07079160815290447,0.07437558627631362,0.07079160815290447,0.0,-0.0035839781234091456,-0.41469653089788716,0.0,Fixed-price,False,False,building
2021-12-01,0.08184524831475308,0.08605805154945362,0.08184524831475308,0.0,-0.004212803234700538,-0.21193500337216453,0.0,Fixed-price,False,False,building
2022-01-01,0.08959134228952052,0.09614420043422096,0.08959134228952052,0.0,-0.006552858144700441,-0.4588434300588735,0.0,Fixed-price,False,False,building
2022-02-01,0.09238863220420208,0.0993010067321908,0.09238863220420208,0.0,-0.006912374527988721,0.11903503754810331,0.0,Fixed-price,False,False,building
2022-03-01,0.08959134228952065,0.09690390496824768,0.08959134228952065,0.0,-0.007312562678727028,1.1020502168456427,0.0,Fixed-price,False,False,building
2022-04-01,0.08184524831475301,0.08829794703597309,0.08184524831475301,0.0,-0.0064526987212200765,-0.13069330358515868,0.0,Fixed-price,False,False,building
2022-05-01,0.07079160815290438,0.07702612056851987,0.07079160815290438,0.0,-0.006234512415615498,1.953889663512594,0.0,Fixed-price,False,False,building
2022-06-01,0.05839319967111854,0.06369910929579722,0.05839319967111854,0.0,-0.005305909624678681,2.636389807446853,0.0,Fixed-price,False,False,building
2022-07-01,0.046309947444497145,0.051123607922108336,0.046309947444497145,0.0,-0.004813660477611191,2.0246570967931357,0.0,Fixed-price,False,False,building
2022-08-01,0.03559550566771102,0.039238675801090236,0.03559550566771102,0.0,-0.0036431701333792185,1.846293002923112,0.0,Fixed-price,False,False,building
2022-09-01,0.026707411512321422,0.029681715227682284,0.026707411512321422,0.0,-0.002974303715360862,0.33071541717846953,0.0,Fixed-price,False,False,building
2022-10-01,0.01967788666114087,0.021839108850690937,0.01967788666114087,0.0,-0.0021612221895500675,1.4798907025779506,0.0,Fixed-price,False,False,building
2021-05-01,0.04978706836786394,0.0518809417584496,0.04978706836786394,0.0,-0.002093873390585664,-1.0270971111415526,0.0,FIDIC 13.8,False,False,building
2021-06-01,0.019677886661140686,0.020530874739465736,0.01969312884210793,1.5242180967241794e-05,-0.000837745897357807,-1.0234795015896792,1.5242180967241794e-05,FIDIC 13.8,True,False,building
2021-07-01,0.026707411512321613,0.027877424593451657,0.026714798926949095,7.387414627483703e-06,-0.001162625666502562,-0.17507464997800753,2.26295955947255e-05,FIDIC 13.8,True,False,building
2021-08-01,0.03559550566771097,0.03721535803143668,0.03563178450527238,3.627883756141313e-05,-0.0015835735261642975,-0.19241635420053954,5.890843315613863e-05,FIDIC 13.8,True,False,building
2021-09-01,0.04630994744449718,0.0485650174363765,0.046398527371875095,8.857992737791286e-05,-0.0021664900645014043,-0.16462069989965356,0.0001474883605340515,FIDIC 13.8,True,False,building
2021-10-01,0.058393199671118425,0.061141993791864094,0.05833639665644082,-5.680301467760687e-05,-0.0028055971354232767,0.5228340253777541,9.068534585644462e-05,FIDIC 13.8,True,False,building
2021-11-01,0.07079160815290447,0.07437558627631362,0.07094253388368521,0.00015092573078074407,-0.003433052392628408,-0.41469653089788716,0.0002416110766371887,FIDIC 13.8,True,False,building
2021-12-01,0.08184524831475308,0.08605805154945362,0.08188677473133535,4.152641658227213e-05,-0.004171276818118269,-0.21193500337216453,0.00028313749321946086,FIDIC 13.8,True,False,building
2022-01-01,0.08959134228952052,0.09614420043422096,0.09075614739694615,0.0011648051074256243,-0.005388053037274812,-0.4588434300588735,0.0014479426006450851,FIDIC 13.8,True,False,building
2022-02-01,0.09238863220420208,0.0993010067321908,0.09248158300278601,9.295079858392834e-05,-0.006819423729404792,0.11903503754810331,0.0015408933992290136,FIDIC 13.8,True,False,building
2022-03-01,0.08959134228952065,0.09690390496824768,0.08995702852221794,0.0003656862326972914,-0.006946876446029732,1.1020502168456427,0.001906579631926305,FIDIC 13.8,True,False,building
2022-04-01,0.08184524831475301,0.08829794703597309,0.08170867774054913,-0.0001365705742038883,-0.006589269295423958,-0.13069330358515868,0.0017700090577224166,FIDIC 13.8,True,False,building
2022-05-01,0.07079160815290438,0.07702612056851987,0.07118357933127123,0.00039197117836684936,-0.005842541237248644,1.953889663512594,0.002161980236089266,FIDIC 13.8,True,False,building
2022-06-01,0.05839319967111854,0.06369910929579722,0.05849118371478855,9.798404367000541e-05,-0.005207925581008674,2.636389807446853,0.0022599642797592715,FIDIC 13.8,True,False,building
2022-07-01,0.046309947444497145,0.051123607922108336,0.04667336621675012,0.0003634187722529728,-0.004450241705358217,2.0246570967931357,0.0026233830520122443,FIDIC 13.8,True,False,building
2022-08-01,0.03559550566771102,0.039238675801090236,0.035561435302052614,-3.407036565840153e-05,-0.003677240499037622,1.846293002923112,0.002589312686353843,FIDIC 13.8,True,False,building
2022-09-01,0.026707411512321422,0.029681715227682284,0.026851905048265307,0.00014449353594388675,-0.0028298101794169764,0.33071541717846953,0.00273380622229773,FIDIC 13.8,True,False,building
2022-10-01,0.01967788666114087,0.021839108850690937,0.019659748751659795,-1.813790948107597e-05,-0.0021793600990311426,1.4798907025779506,0.0027156683128166537,FIDIC 13.8,True,False,building
2021-05-01,0.04978706836786394,0.0518809417584496,0.04978706836786394,0.0,-0.002093873390585664,-1.0270971111415526,0.0,DAM,False,False,building
2021-06-01,0.019677886661140686,0.020530874739465736,0.019677886661140686,0.0,-0.0008529880783250503,-1.0234795015896792,0.0,DAM,False,False,building
2021-07-01,0.026707411512321613,0.027877424593451657,0.026707411512321613,0.0,-0.0011700130811300447,-0.17507464997800753,0.0,DAM,False,False,building
2021-08-01,0.03559550566771097,0.03721535803143668,0.03559550566771097,0.0,-0.0016198523637257073,-0.19241635420053954,0.0,DAM,False,False,building
2021-09-01,0.04630994744449718,0.0485650174363765,0.04630994744449718,0.0,-0.00225506999187932,-0.16462069989965356,0.0,DAM,False,False,building
2021-10-01,0.058393199671118425,0.061141993791864094,0.058393199671118425,0.0,-0.0027487941207456693,0.5228340253777541,0.0,DAM,False,False,building
2021-11-01,0.07079160815290447,0.07437558627631362,0.07079160815290447,0.0,-0.0035839781234091456,-0.41469653089788716,0.0,DAM,False,False,building
2021-12-01,0.08184524831475308,0.08605805154945362,0.08184524831475308,0.0,-0.004212803234700538,-0.21193500337216453,0.0,DAM,False,False,building
2022-01-01,0.08959134228952052,0.09614420043422096,0.08959134228952052,0.0,-0.006552858144700441,-0.4588434300588735,0.0,DAM,False,False,building
2022-02-01,0.09238863220420208,0.0993010067321908,0.09238863220420208,0.0,-0.006912374527988721,0.11903503754810331,0.0,DAM,False,False,building
2022-03-01,0.08959134228952065,0.09690390496824768,0.09005766716888683,0.00046632487936617493,-0.006846237799360846,1.1020502168456427,0.00046632487936617493,DAM,True,False,building
2022-04-01,0.08184524831475301,0.08829794703597309,0.08184524831475301,0.0,-0.0064526987212200765,-0.13069330358515868,0.00046632487936617493,DAM,False,False,building
2022-05-01,0.07079160815290438,0.07702612056851987,0.0713579410181276,0.000566332865223235,-0.005668179550392269,1.953889663512594,0.0010326577445894099,DAM,True,True,building
2022-06-01,0.05839319967111854,0.06369910929579722,0.05886034526848749,0.00046714559736894833,-0.004838764027309733,2.636389807446853,0.0014998033419583582,DAM,True,True,building
2022-07-01,0.046309947444497145,0.051123607922108336,0.046680427024053124,0.00037047957955597716,-0.0044431808980552115,2.0246570967931357,0.0018702829215143353,DAM,True,True,building
2022-08-01,0.03559550566771102,0.039238675801090236,0.03531074162236933,-0.00028476404534168815,-0.003927934178720907,1.846293002923112,0.0015855188761726472,DAM,True,True,building
2022-09-01,0.026707411512321422,0.029681715227682284,0.026707411512321422,0.0,-0.002974303715360862,0.33071541717846953,0.0015855188761726472,DAM,False,False,building
2022-10-01,0.01967788666114087,0.021839108850690937,0.019550996553310763,-0.00012689010783010696,-0.0022881122973801744,1.4798907025779506,0.0014586287683425402,DAM,True,False,building
2021-03-01,0.04978706836786394,0.050992245051689124,0.04978706836786394,0.0,-0.0012051766838251862,-0.5684711259200619,0.0,Fixed-price,False,False,water
2021-04-01,0.01730640935067218,0.01775116085685691,0.01730640935067218,0.0,-0.0004447515061847297,-1.1629186746394269,0.0,Fixed-price,False,False,water
2021-05-01,0.022781589352649862,0.02341564672463921,0.022781589352649862,0.0,-0.0006340573719893494,-1.0270971111415526,0.0,Fixed-price,False,False,water
2021-06-01,0.02957678619012032,0.03042280054180175,0.02957678619012032,0.0,-0.0008460143516814296,-1.0234795015896792,0.0,Fixed-price,False,False,water
2021-07-01,0.03771648250320634,0.039562738619941126,0.03771648250320634,0.0,-0.001846256116734786,-0.17507464997800753,0.0,Fixed-price,False,False,water
2021-08-01,0.04701169781950759,0.04935970233214135,0.04701169781950759,0.0,-0.0023480045126337556,-0.19241635420053954,0.0,Fixed-price,False,False,water
2021-09-01,0.05695978706288449,0.059986371720372925,0.05695978706288449,0.0,-0.0030265846574884375,-0.16462069989965356,0.0,Fixed-price,False,False,water
2021-10-01,0.06668946003627553,0.07005977909654301,0.06668946003627553,0.0,-0.003370319060267482,0.5228340253777541,0.0,Fixed-price,False,False,water
2021-11-01,0.0750208504473029,0.07953288494215977,0.0750208504473029,0.0,-0.004512034494856862,-0.41469653089788716,0.0,Fixed-price,False,False,water
2021-12-01,0.08069031776349986,0.08563469159603958,0.08069031776349986,0.0,-0.00494437383253972,-0.21193500337216453,0.0,Fixed-price,False,False,water
2022-01-01,0.08270617057989789,0.08925056231740656,0.08270617057989789,0.0,-0.006544391737508676,-0.4588434300588735,0.0,Fixed-price,False,False,water
2022-02-01,0.08069031776349962,0.08688148635149305,0.08069031776349962,0.0,-0.006191168587993429,0.11903503754810331,0.0,Fixed-price,False,False,water
2022-03-01,0.07502085044730285,0.08128483909159591,0.07502085044730285,0.0,-0.0062639886442930615,1.1020502168456427,0.0,Fixed-price,False,False,water
2022-04-01,0.06668946003627553,0.07292362743840806,0.06668946003627553,0.0,-0.006234167402132534,-0.13069330358515868,0.0,Fixed-price,False,False,water
2022-05-01,0.05695978706288466,0.06314527873380679,0.05695978706288466,0.0,-0.006185491670922132,1.953889663512594,0.0,Fixed-price,False,False,water
2022-06-01,0.047011697819507536,0.05262745185577141,0.047011697819507536,0.0,-0.005615754036263874,2.636389807446853,0.0,Fixed-price,False,False,water
2022-07-01,0.03771648250320634,0.04271109057623915,0.03771648250320634,0.0,-0.004994608073032807,2.0246570967931357,0.0,Fixed-price,False,False,water
2022-08-01,0.029576786190120333,0.03358277201277748,0.029576786190120333,0.0,-0.004005985822657144,1.846293002923112,0.0,Fixed-price,False,False,water
2022-09-01,0.022781589352649817,0.025892413760669256,0.022781589352649817,0.0,-0.0031108244080194393,0.33071541717846953,0.0,Fixed-price,False,False,water
2022-10-01,0.01730640935067242,0.01981636327546151,0.01730640935067242,0.0,-0.0025099539247890913,1.4798907025779506,0.0,Fixed-price,False,False,water
2021-03-01,0.04978706836786394,0.050992245051689124,0.04978706836786394,0.0,-0.0012051766838251862,-0.5684711259200619,0.0,FIDIC 13.8,False,False,water
2021-04-01,0.01730640935067218,0.01775116085685691,0.017321902441433817,1.5493090761637615e-05,-0.00042925841542309356,-1.1629186746394269,1.5493090761637615e-05,FIDIC 13.8,True,False,water
2021-05-01,0.022781589352649862,0.02341564672463921,0.022810750003015044,2.91606503651818e-05,-0.0006048967216241673,-1.0270971111415526,4.4653741126819414e-05,FIDIC 13.8,True,False,water
2021-06-01,0.02957678619012032,0.03042280054180175,0.02959048599520777,1.3699805087450549e-05,-0.0008323145465939791,-1.0234795015896792,5.835354621426996e-05,FIDIC 13.8,True,False,water
2021-07-01,0.03771648250320634,0.039562738619941126,0.03817693084492227,0.00046044834171593107,-0.0013858077750188574,-0.17507464997800753,0.000518801887930201,FIDIC 13.8,True,False,water
2021-08-01,0.04701169781950759,0.04935970233214135,0.04703974131153839,2.804349203079553e-05,-0.002319961020602959,-0.19241635420053954,0.0005468453799609965,FIDIC 13.8,True,False,water
2021-09-01,0.05695978706288449,0.059986371720372925,0.057068820090963916,0.00010903302807943179,-0.0029175516294090084,-0.16462069989965356,0.0006558784080404283,FIDIC 13.8,True,False,water
2021-10-01,0.06668946003627553,0.07005977909654301,0.06658550627102426,-0.00010395376525127555,-0.003474272825518751,0.5228340253777541,0.0005519246427891527,FIDIC 13.8,True,False,water
2021-11-01,0.0750208504473029,0.07953288494215977,0.07545325108681226,0.00043240063950935757,-0.0040796338553475,-0.41469653089788716,0.0009843252822985104,FIDIC 13.8,True,False,water
2021-12-01,0.08069031776349986,0.08563469159603958,0.08074513158650333,5.481382300347293e-05,-0.004889560009536248,-0.21193500337216453,0.0010391391053019834,FIDIC 13.8,True,False,water
2022-01-01,0.08270617057989789,0.08925056231740656,0.08359206737569023,0.0008858967957923472,-0.00565849494171633,-0.4588434300588735,0.0019250359010943305,FIDIC 13.8,True,False,water
2022-02-01,0.08069031776349962,0.08688148635149305,0.08057409037614577,-0.00011622738735385929,-0.0063073959753472825,0.11903503754810331,0.0018088085137404712,FIDIC 13.8,True,False,water
2022-03-01,0.07502085044730285,0.08128483909159591,0.075325545007271,0.0003046945599681516,-0.005959294084324912,1.1020502168456427,0.0021135030737086226,FIDIC 13.8,True,False,water
2022-04-01,0.06668946003627553,0.07292362743840806,0.06708895313463215,0.0003994930983566174,-0.005834674303775919,-0.13069330358515868,0.00251299617206524,FIDIC 13.8,True,False,water
2022-05-01,0.05695978706288466,0.06314527873380679,0.057476302732571614,0.0005165156696869563,-0.005668976001235178,1.953889663512594,0.0030295118417521965,FIDIC 13.8,True,False,water
2022-06-01,0.047011697819507536,0.05262745185577141,0.04731803697880826,0.0003063391593007205,-0.005309414876963153,2.636389807446853,0.0033358510010529172,FIDIC 13.8,True,False,water
2022-07-01,0.03771648250320634,0.04271109057623915,0.03801000753214955,0.00029352502894321305,-0.004701083044089595,2.0246570967931357,0.0036293760299961303,FIDIC 13.8,True,False,water
2022-08-01,0.029576786190120333,0.03358277201277748,0.029630352783057746,5.3566592937413715e-05,-0.0039524192297197315,1.846293002923112,0.003682942622933544,FIDIC 13.8,True,False,water
2022-09-01,0.022781589352649817,0.025892413760669256,0.022796711977979587,1.5122625329771046e-05,-0.0030957017826896693,0.33071541717846953,0.003698065248263315,FIDIC 13.8,True,False,water
2022-10-01,0.01730640935067242,0.01981636327546151,0.017394468324968177,8.805897429575679e-05,-0.002421894950493334,1.4798907025779506,0.0037861242225590715,FIDIC 13.8,True,False,water
2021-03-01,0.04978706836786394,0.050992245051689124,0.04978706836786394,0.0,-0.0012051766838251862,-0.5684711259200619,0.0,DAM,False,False,water
2021-04-01,0.01730640935067218,0.01775116085685691,0.017444860625477558,0.00013845127480537745,-0.0003063002313793521,-1.1629186746394269,0.00013845127480537745,DAM,True,True,water
2021-05-01,0.022781589352649862,0.02341564672463921,0.022781589352649862,0.0,-0.0006340573719893494,-1.0270971111415526,0.00013845127480537745,DAM,False,False,water
2021-06-01,0.02957678619012032,0.03042280054180175,0.02957678619012032,0.0,-0.0008460143516814296,-1.0234795015896792,0.00013845127480537745,DAM,False,False,water
2021-07-01,0.03771648250320634,0.039562738619941126,0.03771648250320634,0.0,-0.001846256116734786,-0.17507464997800753,0.00013845127480537745,DAM,False,False,water
2021-08-01,0.04701169781950759,0.04935970233214135,0.04701169781950759,0.0,-0.0023480045126337556,-0.19241635420053954,0.00013845127480537745,DAM,False,False,water
2021-09-01,0.05695978706288449,0.059986371720372925,0.05695978706288449,0.0,-0.0030265846574884375,-0.16462069989965356,0.00013845127480537745,DAM,False,False,water
2021-10-01,0.06668946003627553,0.07005977909654301,0.06668946003627553,0.0,-0.003370319060267482,0.5228340253777541,0.00013845127480537745,DAM,False,False,water
2021-11-01,0.0750208504473029,0.07953288494215977,0.0750208504473029,0.0,-0.004512034494856862,-0.41469653089788716,0.00013845127480537745,DAM,False,False,water
2021-12-01,0.08069031776349986,0.08563469159603958,0.08069031776349986,0.0,-0.00494437383253972,-0.21193500337216453,0.00013845127480537745,DAM,False,False,water
2022-01-01,0.08270617057989789,0.08925056231740656,0.08270617057989789,0.0,-0.006544391737508676,-0.4588434300588735,0.00013845127480537745,DAM,False,False,water
2022-02-01,0.08069031776349962,0.08688148635149305,0.08069031776349962,0.0,-0.006191168587993429,0.11903503754810331,0.00013845127480537745,DAM,False,False,water
2022-03-01,0.07502085044730285,0.08128483909159591,0.0754113356006755,0.0003904851533726645,-0.005873503490920404,1.1020502168456427,0.0005289364281780419,DAM,True,False,water
2022-04-01,0.06668946003627553,0.07292362743840806,0.06668946003627553,0.0,-0.006234167402132534,-0.13069330358515868,0.0005289364281780419,DAM,False,False,water
2022-05-01,0.05695978706288466,0.06314527873380679,0.05741546535938774,0.0004556782965030773,-0.005729813374419052,1.953889663512594,0.0009846147246811191,DAM,True,True,water
2022-06-01,0.047011697819507536,0.05262745185577141,0.047387791402063596,0.0003760935825560603,-0.0052396604537078145,2.636389807446853,0.0013607083072371795,DAM,True,True,water
2022-07-01,0.03771648250320634,0.04271109057623915,0.03801821436323199,0.00030173186002565075,-0.004692876213007159,2.0246570967931357,0.0016624401672628302,DAM,True,True,water
2022-08-01,0.029576786190120333,0.03358277201277748,0.029813400479641296,0.00023661428952096266,-0.0037693715331361816,1.846293002923112,0.001899054456783793,DAM,True,True,water
2022-09-01,0.022781589352649817,0.025892413760669256,0.022781589352649817,0.0,-0.0031108244080194393,0.33071541717846953,0.001899054456783793,DAM,False,False,water
2022-10-01,0.01730640935067242,0.01981636327546151,0.0174448606254778,0.00013845127480537937,-0.0023715026499837102,1.4798907025779506,0.0020375057315891723,DAM,True,True,water
