project,regime,mean_margin_variance,p95_margin_variance,mean_adjustment_count,p95_adjustment_count,mean_max_exposure,p95_max_exposure
building,DAM,5.682172234415906e-07,1.3457631122730446e-06,1.9316666666666666,3.0,0.015812916550385112,0.03474001851689706
building,FIDIC 13.8,3.4232839882887413e-07,9.744045625234297e-07,17.0,17.0,0.02093565510682652,0.03897277814437973
building,Fixed-price,2.1395524926804625e-06,6.090028515771445e-06,0.0,0.0,0.0,0.0
road,DAM,1.6638070233417422e-06,3.859547219130659e-06,4.931666666666667,6.0,0.054064001472380184,0.08171015115512408
road,FIDIC 13.8,1.3200474453880085e-06,2.9345737998509977e-06,23.0,23.0,0.06006570929844403,0.0931371175328097
road,Fixed-price,8.250296533675052e-06,1.8341086249068752e-05,0.0,0.0,0.0,0.0
water,DAM,1.0068181026786397e-06,1.9840114590710865e-06,3.6683333333333334,5.0,0.032133929278933986,0.051813734047089735
water,FIDIC 13.8,7.489001833438837e-07,1.5953738140192762e-06,19.0,19.0,0.037421871771165745,0.057106198274557256
water,Fixed-price,4.680626145899273e-06,9.971086337620479e-06,0.0,0.0,0.0,0.0
